customer_id,revenue_sum,revenue_mean,subscription_fee_sum,subscription_fee_mean,usage_hours_sum,usage_hours_mean,support_tickets_sum,support_tickets_mean,login_frequency_sum,login_frequency_mean,order_date_min,order_date_max,engagement_score,recency_days,frequency,total_revenue,days_since_last_activity,support_ticket_ratio,is_churned,revenue_quartile,engagement_quartile,customer_segment,predicted_churn_prob,predicted_revenue,predicted_clv,clv_segment,strategy
801,6876.567611951996,6876.567611951996,49,49.0,15.832163455430326,15.832163455430326,2,2.0,17,17.0,2025-03-11,2025-03-11,16.299298073258196,199,1,6876.567611951996,10.498725429188962,0.720670323249132,1,Premium,Low,3,1.0,6086.720384759868,0.0,Low Value,Natural Churn - Monitor
802,3967.9105435652523,3967.9105435652523,199,199.0,34.327988544986134,34.327988544986134,1,1.0,23,23.0,2025-03-12,2025-03-12,29.79679312699168,198,1,3967.9105435652523,6.60810133415277,0.42190555621932047,0,Medium,High,1,0.14,6965.381967891021,9901.20411964674,High Value,Expansion/Upsell
803,5192.241553881967,5192.241553881967,29,29.0,16.722899833187103,16.722899833187103,1,1.0,12,12.0,2025-03-13,2025-03-13,14.833739899912262,197,1,5192.241553881967,13.5796672666407,0.8452881080201297,1,High,Low,3,1.0,1318.2515373367123,0.0,Low Value,Natural Churn - Monitor
804,4075.4494225899152,4075.4494225899152,99,99.0,7.18360974536481,7.18360974536481,1,1.0,24,24.0,2025-03-14,2025-03-14,13.910165847218888,196,1,4075.4494225899152,32.98563870988755,0.6963459560952808,1,Medium,Low,1,0.01,3852.6759862395293,6304.378886573774,High Value,Expansion/Upsell
805,4131.007545135369,4131.007545135369,199,199.0,49.65287867379612,49.65287867379612,4,4.0,22,22.0,2025-03-15,2025-03-15,38.591727204277674,195,1,4131.007545135369,17.77525786992499,0.7712531123795491,0,Medium,High,1,1.0,2750.7158163242575,0.0,Low Value,Natural Churn - Monitor
806,4381.6557530627215,4381.6557530627215,29,29.0,2.7931879862958184,2.7931879862958184,3,3.0,26,26.0,2025-03-16,2025-03-16,12.07591279177749,194,1,4381.6557530627215,81.57021938607627,0.7924874221659796,1,Medium,Low,0,0.93,6871.356786294921,795.0330165961059,Medium,Retention Focus - Medium Priority
807,5444.267543267426,5444.267543267426,199,199.0,69.04449639590402,69.04449639590402,4,4.0,20,20.0,2025-03-17,2025-03-17,49.42669783754241,193,1,5444.267543267426,57.769769869687465,0.09207004570890254,0,High,High,0,0.95,3020.7903594828417,249.65209582502843,Medium,Retention Focus - Medium Priority
808,4042.5027566730455,4042.5027566730455,199,199.0,19.105996627694825,19.105996627694825,4,4.0,26,26.0,2025-03-18,2025-03-18,21.863597976616894,192,1,4042.5027566730455,3.2409429134135053,0.05564077268773793,0,Medium,Medium,1,0.02,3184.8726759168067,5158.967309749537,Medium,Engagement Increase
809,7511.512251147042,7511.512251147042,199,199.0,0.006735103820133686,0.006735103820133686,2,2.0,17,17.0,2025-03-19,2025-03-19,6.804041062292081,191,1,7511.512251147042,4.230502103070991,0.8009858684847359,1,Premium,Low,3,0.0,6265.863635511019,10356.799397538873,High Value,Expansion/Upsell
810,3210.785395560992,3210.785395560992,199,199.0,35.78284564022226,35.78284564022226,6,6.0,16,16.0,2025-03-20,2025-03-20,27.869707384133356,190,1,3210.785395560992,33.83250786143654,0.2593840210382462,0,Low,Medium,1,0.02,3433.4934153275253,5561.6918132578085,Medium,Engagement Increase
811,4626.256711677282,4626.256711677282,199,199.0,2.399249618062609,2.399249618062609,3,3.0,19,19.0,2025-03-21,2025-03-21,9.039549770837565,189,1,4626.256711677282,7.87089514327647,0.5819698075118143,1,Medium,Low,1,0.01,4120.5378834516505,6742.698354739064,High Value,Expansion/Upsell
812,4120.5378834516505,4120.5378834516505,199,199.0,16.159905495488985,16.159905495488985,1,1.0,18,18.0,2025-03-22,2025-03-22,16.895943297293393,188,1,4120.5378834516505,46.96691968335909,0.44371085521898623,1,Medium,Medium,1,0.01,5174.094136476344,8466.699496052197,High Value,Expansion/Upsell
813,7893.955768707466,7893.955768707466,29,29.0,61.37512127966615,61.37512127966615,3,3.0,15,15.0,2025-03-23,2025-03-23,42.82507276779969,187,1,7893.955768707466,26.847484804727333,0.022039203667634233,0,Premium,High,3,0.96,6646.341167923832,439.4275152346338,Medium,Retention Focus - Medium Priority
814,5393.10955302315,5393.10955302315,99,99.0,3.237040232941339,3.237040232941339,2,2.0,16,16.0,2025-03-24,2025-03-24,8.342224139764804,186,1,5393.10955302315,7.834340834961421,0.04028125816627148,1,High,Low,3,0.97,3694.7520413952166,183.21084502786212,Medium,Retention Focus - Medium Priority
815,7063.68907893727,7063.68907893727,49,49.0,91.42277821073932,91.42277821073932,2,2.0,18,18.0,2025-03-25,2025-03-25,62.0536669264436,185,1,7063.68907893727,19.542127841512176,0.8271252422787957,1,Premium,Very High,3,0.89,5487.601427542397,997.7457140986172,Medium,Retention Focus - Medium Priority
816,2028.8792539260562,2028.8792539260562,199,199.0,0.19136185981980283,0.19136185981980283,3,3.0,13,13.0,2025-03-26,2025-03-26,5.3148171158918815,184,1,2028.8792539260562,15.630132185902184,0.6076775614887239,1,Low,Low,1,0.92,3366.128658025531,445.107921722384,Medium,Retention Focus - Medium Priority
817,5534.100531738518,5534.100531738518,49,49.0,14.172808654574776,14.172808654574776,3,3.0,21,21.0,2025-03-27,2025-03-27,16.903685192744867,183,1,5534.100531738518,61.94471331621483,0.5238430787368449,1,High,Medium,0,1.0,5227.0346905025,0.0,Low Value,Natural Churn - Monitor
818,6779.261591246874,6779.261591246874,29,29.0,67.5278423155552,67.5278423155552,3,3.0,19,19.0,2025-03-28,2025-03-28,48.11670538933312,182,1,6779.261591246874,0.980731555318697,0.9443520834717503,1,Premium,High,3,0.09,7088.321754138142,10661.773216968113,High Value,Expansion/Upsell
819,5164.567978550848,5164.567978550848,199,199.0,19.009619755987487,19.009619755987487,3,3.0,20,20.0,2025-03-29,2025-03-29,19.40577185359249,181,1,5164.567978550848,67.85593356273235,0.17311502592884487,1,High,Medium,0,0.0,5244.019629290719,8667.801040149949,High Value,Expansion/Upsell
820,7130.960750130702,7130.960750130702,99,99.0,5.373269137189675,5.373269137189675,6,6.0,14,14.0,2025-03-30,2025-03-30,8.823961482313806,180,1,7130.960750130702,31.673712657591736,0.2579708396587985,1,Premium,Low,3,0.07,4739.713891264637,7285.8411882249775,High Value,Expansion/Upsell
821,3965.4230997992554,3965.4230997992554,49,49.0,22.3326333782404,22.3326333782404,6,6.0,14,14.0,2025-03-31,2025-03-31,18.99958002694424,179,1,3965.4230997992554,40.12949051723847,0.7567390782356272,1,Medium,Medium,1,0.96,3792.029626568362,250.71270258303238,Medium,Retention Focus - Medium Priority
822,7818.69488037116,7818.69488037116,199,199.0,15.762481924437802,15.762481924437802,3,3.0,21,21.0,2025-04-01,2025-04-01,17.85748915466268,178,1,7818.69488037116,0.07832606238450492,0.7752352279579294,1,Premium,Medium,3,1.0,5553.381598660038,0.0,Low Value,Natural Churn - Monitor
823,9597.7962472385,9597.7962472385,29,29.0,92.48380685685146,92.48380685685146,3,3.0,16,16.0,2025-04-02,2025-04-02,61.89028411411087,177,1,9597.7962472385,29.685158154572946,0.40489719643916444,0,Premium,Very High,3,0.1,5995.996582490899,8919.664337589766,High Value,Expansion/Upsell
824,4274.322879120682,4274.322879120682,99,99.0,18.796377264691987,18.796377264691987,3,3.0,16,16.0,2025-04-03,2025-04-03,17.677826358815192,176,1,4274.322879120682,26.637379061962772,0.95097843464376,1,Medium,Medium,1,1.0,5096.169893322759,0.0,Low Value,Natural Churn - Monitor
825,4108.994957198456,4108.994957198456,49,49.0,77.77885788656754,77.77885788656754,2,2.0,16,16.0,2025-04-04,2025-04-04,53.06731473194052,175,1,4108.994957198456,23.11416869265646,0.9382545777151706,1,Medium,Very High,1,1.0,6141.781021386334,0.0,Low Value,Natural Churn - Monitor
826,7906.768954235402,7906.768954235402,49,49.0,111.22204538520141,111.22204538520141,3,3.0,20,20.0,2025-04-05,2025-04-05,74.73322723112085,174,1,7906.768954235402,46.23471877496614,0.012409715060159532,0,Premium,Very High,2,0.94,6267.838044636024,621.6037730217549,Medium,Retention Focus - Medium Priority
827,8159.144291461425,8159.144291461425,199,199.0,28.44193362716482,28.44193362716482,3,3.0,15,15.0,2025-04-06,2025-04-06,23.06516017629889,173,1,8159.144291461425,24.349213057629303,0.17232790234072504,0,Premium,Medium,3,0.1,4158.709354469286,6186.509783508029,High Value,Expansion/Upsell
828,3954.2799456934636,3954.2799456934636,99,99.0,120.36570365805983,120.36570365805983,3,3.0,24,24.0,2025-04-07,2025-04-07,81.81942219483591,172,1,3954.2799456934636,58.367715811766075,0.8202194416838713,1,Medium,Very High,2,0.95,8006.796603534294,661.7187275648182,Medium,Retention Focus - Medium Priority
829,4159.626365808285,4159.626365808285,99,99.0,23.6859705279758,23.6859705279758,1,1.0,19,19.0,2025-04-08,2025-04-08,21.81158231678548,171,1,4159.626365808285,7.943643959847882,0.3352166848260083,0,Medium,Medium,1,0.93,5057.4896458696385,585.1640912576437,Medium,Retention Focus - Medium Priority
830,4436.430782278985,4436.430782278985,99,99.0,166.3208476084358,166.3208476084358,4,4.0,16,16.0,2025-04-09,2025-04-09,106.19250856506149,170,1,4436.430782278985,49.19422129131971,0.09546267869982838,0,Medium,Very High,2,1.0,3616.183860237515,0.0,Low Value,Natural Churn - Monitor
831,2311.098977931446,2311.098977931446,99,99.0,4.6765120906180755,4.6765120906180755,1,1.0,21,21.0,2025-04-10,2025-04-10,11.205907254370846,169,1,2311.098977931446,5.92839623392285,0.7849991744235836,1,Low,Low,1,1.0,2103.831317005354,0.0,Low Value,Natural Churn - Monitor
832,3162.696107031604,3162.696107031604,29,29.0,58.080682232999415,58.080682232999415,4,4.0,30,30.0,2025-04-11,2025-04-11,46.848409339799645,168,1,3162.696107031604,50.31830292532776,0.45458350557520943,0,Low,High,1,0.02,2538.2713671320853,4111.580065767675,Medium,Engagement Increase
833,2991.718466495864,2991.718466495864,99,99.0,34.042558411557664,34.042558411557664,2,2.0,24,24.0,2025-04-12,2025-04-12,30.0255350469346,167,1,2991.718466495864,84.63498076156998,0.49241078671537186,1,Low,High,0,1.0,5942.936714271988,0.0,Low Value,Natural Churn - Monitor
834,3464.4048697917433,3464.4048697917433,49,49.0,24.522465688125656,24.522465688125656,2,2.0,17,17.0,2025-04-13,2025-04-13,21.513479412875395,166,1,3464.4048697917433,12.270378195362118,0.18636938881617127,0,Low,Medium,1,0.01,2234.400538071328,3656.291789571263,Medium,Engagement Increase
835,4930.630225226438,4930.630225226438,49,49.0,50.080433370266384,50.080433370266384,5,5.0,21,21.0,2025-04-14,2025-04-14,38.44826002215983,165,1,4930.630225226438,22.64342185136983,0.6608950539389278,0,Medium,High,1,1.0,5049.020348517887,0.0,Low Value,Natural Churn - Monitor
836,5468.429465073042,5468.429465073042,29,29.0,60.84565713175621,60.84565713175621,4,4.0,20,20.0,2025-04-15,2025-04-15,44.50739427905373,164,1,5468.429465073042,32.217211809678815,0.5512413181226177,0,High,High,3,1.0,5116.417436892,0.0,Low Value,Natural Churn - Monitor
837,8101.000985628154,8101.000985628154,49,49.0,0.21864082458732062,0.21864082458732062,1,1.0,13,13.0,2025-04-16,2025-04-16,5.331184494752392,163,1,8101.000985628154,2.4842249258230718,0.2066729377890758,1,Premium,Low,3,0.0,4250.358384900804,7025.385760166617,High Value,Expansion/Upsell
838,3003.291918522418,3003.291918522418,49,49.0,9.13326611856045,9.13326611856045,1,1.0,27,27.0,2025-04-17,2025-04-17,16.279959671136268,162,1,3003.291918522418,20.441344336866358,0.3403315084392068,1,Low,Low,1,0.0,5363.732510116991,8865.673570441306,High Value,Expansion/Upsell
839,6968.644796953167,6968.644796953167,99,99.0,62.421676563433316,62.421676563433316,5,5.0,14,14.0,2025-04-18,2025-04-18,43.05300593805999,161,1,6968.644796953167,13.416046395718771,0.596879287336172,0,Premium,High,3,0.96,4213.3223753452785,278.56676861786985,Medium,Retention Focus - Medium Priority
840,4572.0223115489825,4572.0223115489825,49,49.0,54.88844425837362,54.88844425837362,3,3.0,19,19.0,2025-04-19,2025-04-19,40.53306655502417,160,1,4572.0223115489825,61.77872954197137,0.9248722554334101,1,Medium,High,0,0.96,6951.0902542447175,459.5762151566759,Medium,Retention Focus - Medium Priority
841,4901.072580695134,4901.072580695134,29,29.0,169.13964705202707,169.13964705202707,1,1.0,14,14.0,2025-04-20,2025-04-20,107.08378823121623,159,1,4901.072580695134,62.78906319554872,0.9203763503214917,1,Medium,Very High,2,1.0,6248.239634104305,0.0,Low Value,Natural Churn - Monitor
842,6349.638984333207,6349.638984333207,99,99.0,71.57249288783703,71.57249288783703,1,1.0,14,14.0,2025-04-21,2025-04-21,48.54349573270222,158,1,6349.638984333207,36.19723954061093,0.287905904397483,0,Premium,High,3,0.1,5592.240554129152,8319.035535068158,High Value,Expansion/Upsell
843,2754.555956875403,2754.555956875403,199,199.0,150.56535441884395,150.56535441884395,5,5.0,24,24.0,2025-04-22,2025-04-22,99.93921265130638,157,1,2754.555956875403,31.989389887282133,0.7356209777598849,0,Low,Very High,2,0.19,6650.8326979760595,8904.420636959683,High Value,Expansion/Upsell
844,5764.819492368101,5764.819492368101,99,99.0,60.62386014385437,60.62386014385437,4,4.0,19,19.0,2025-04-23,2025-04-23,43.974316086312626,156,1,5764.819492368101,39.692653493908615,0.7755190805238095,0,High,High,3,0.87,4107.633133570442,882.6319129986073,Medium,Retention Focus - Medium Priority
845,5332.904416426112,5332.904416426112,29,29.0,17.69481245016324,17.69481245016324,4,4.0,9,9.0,2025-04-24,2025-04-24,14.216887470097944,155,1,5332.904416426112,13.670569916384729,0.8088230999827948,1,High,Low,3,1.0,6259.257683847222,0.0,Low Value,Natural Churn - Monitor
846,5984.902528016299,5984.902528016299,99,99.0,5.566968910601795,5.566968910601795,1,1.0,16,16.0,2025-04-25,2025-04-25,9.740181346361076,154,1,5984.902528016299,15.55158633087615,0.57076228475148,1,High,Low,3,0.05,3799.5662456824175,5966.261046939332,High Value,Expansion/Upsell
847,5578.337287815636,5578.337287815636,99,99.0,76.12262880572403,76.12262880572403,0,0.0,25,25.0,2025-04-26,2025-04-26,55.67357728343442,153,1,5578.337287815636,24.20323469163941,0.0105079980995878,0,High,Very High,3,0.01,7390.0932578496895,12092.879876481307,High Value,Expansion/Upsell
848,9910.600279821789,9910.600279821789,29,29.0,51.662189872601246,51.662189872601246,4,4.0,22,22.0,2025-04-27,2025-04-27,39.79731392356075,152,1,9910.600279821789,83.43223992131877,0.7616762854462485,1,Premium,High,0,1.0,3155.669351644756,0.0,Low Value,Natural Churn - Monitor
849,3724.520031497368,3724.520031497368,99,99.0,2.4692827225770997,2.4692827225770997,2,2.0,21,21.0,2025-04-28,2025-04-28,9.88156963354626,151,1,3724.520031497368,38.62061871529649,0.10659744982935004,1,Medium,Low,1,0.09,4888.9046022067605,7353.558988443226,High Value,Expansion/Upsell
850,3938.0060899963646,3938.0060899963646,29,29.0,22.318297935387854,22.318297935387854,4,4.0,21,21.0,2025-04-29,2025-04-29,21.79097876123271,150,1,3938.0060899963646,24.02125311526164,0.11687138622040183,0,Medium,Medium,1,0.03,3003.291918522415,4815.195307383045,Medium,Engagement Increase
851,3753.718947150471,3753.718947150471,29,29.0,157.09552562720572,157.09552562720572,1,1.0,14,14.0,2025-04-30,2025-04-30,99.85731537632343,149,1,3753.718947150471,44.14419903700819,0.6056248026461527,0,Medium,Very High,2,0.05,5036.8367583791005,7909.082513157264,High Value,Expansion/Upsell
852,3889.0457616794906,3889.0457616794906,199,199.0,34.697489699417524,34.697489699417524,1,1.0,26,26.0,2025-05-01,2025-05-01,31.21849381965051,148,1,3889.0457616794906,13.903489593787699,0.9835205210253016,1,Medium,High,1,0.01,7376.786546896169,12071.105258557365,High Value,Expansion/Upsell
853,3725.2257453869647,3725.2257453869647,49,49.0,28.34591875362745,28.34591875362745,4,4.0,22,22.0,2025-05-02,2025-05-02,25.80755125217647,147,1,3725.2257453869647,39.33190015079623,0.24253947326579983,0,Medium,Medium,1,1.0,4880.949287876402,0.0,Low Value,Natural Churn - Monitor
854,7378.033062215103,7378.033062215103,49,49.0,30.596759852499943,30.596759852499943,2,2.0,18,18.0,2025-05-03,2025-05-03,25.558055911499963,146,1,7378.033062215103,15.863387489492231,0.6458108800512076,0,Premium,Medium,3,0.27,2042.8275084403213,2464.89930770485,Medium,Engagement Increase
855,7841.00849597971,7841.00849597971,99,99.0,11.71545296262979,11.71545296262979,1,1.0,18,18.0,2025-05-04,2025-05-04,14.229271777577875,145,1,7841.00849597971,9.841017284359562,0.303653645737601,1,Premium,Low,3,0.0,2150.5036275730863,3554.5514505340266,Medium,Engagement Increase
856,3858.5074125010474,3858.5074125010474,99,99.0,22.999272627958508,22.999272627958508,1,1.0,23,23.0,2025-05-05,2025-05-05,22.999563576775106,144,1,3858.5074125010474,28.22703658838217,0.8987261136105297,1,Medium,Medium,1,0.98,3796.586775541201,125.50700084433731,Low Value,Natural Churn - Monitor
857,3335.2888537915424,3335.2888537915424,199,199.0,23.086954222601868,23.086954222601868,3,3.0,29,29.0,2025-05-06,2025-05-06,25.45217253356112,143,1,3335.2888537915424,34.8348294512384,0.593516892113864,0,Low,Medium,1,0.02,6451.533247797386,10450.417492299895,High Value,Expansion/Upsell
858,5942.831112772808,5942.831112772808,199,199.0,2.6887670368048906,2.6887670368048906,4,4.0,20,20.0,2025-05-07,2025-05-07,9.613260222082934,142,1,5942.831112772808,18.446363230806746,0.20747732765647087,1,High,Low,3,0.2,4073.1646143750763,5386.002795867869,Medium,Engagement Increase
859,3895.553911438057,3895.553911438057,199,199.0,72.9577985806525,72.9577985806525,2,2.0,28,28.0,2025-05-08,2025-05-08,54.974679148391495,141,1,3895.553911438057,25.00683052469544,0.2621310504454283,0,Medium,Very High,1,0.0,1265.4696148165121,2091.685313746301,Medium,Engagement Increase
860,6265.863635511021,6265.863635511021,29,29.0,26.93592113318849,26.93592113318849,2,2.0,21,21.0,2025-05-09,2025-05-09,24.561552679913092,140,1,6265.863635511021,35.53158393744029,0.43248073041812096,0,High,Medium,3,1.0,3965.4230997992627,0.0,Low Value,Natural Churn - Monitor
861,5405.846041702599,5405.846041702599,199,199.0,86.3491419891449,86.3491419891449,4,4.0,28,28.0,2025-05-10,2025-05-10,63.00948519348694,139,1,5405.846041702599,43.79306729605868,0.1220435620298127,0,High,Very High,2,0.09,6799.199750866499,10226.895493038865,High Value,Expansion/Upsell
862,1968.5117700055362,1968.5117700055362,199,199.0,94.97213438694287,94.97213438694287,3,3.0,19,19.0,2025-05-11,2025-05-11,64.58328063216572,138,1,1968.5117700055362,67.77757355950371,0.07873336826348165,1,Low,Very High,0,0.01,7061.999044991901,11555.998437259474,High Value,Expansion/Upsell
863,8095.010402660124,8095.010402660124,99,99.0,11.912482217703124,11.912482217703124,1,1.0,28,28.0,2025-05-12,2025-05-12,18.347489330621876,137,1,8095.010402660124,13.133956643888887,0.6800613957479561,1,Premium,Medium,3,1.0,6059.608355830559,0.0,Low Value,Natural Churn - Monitor
864,8591.755346191043,8591.755346191043,199,199.0,53.552796173565476,53.552796173565476,1,1.0,20,20.0,2025-05-13,2025-05-13,40.131677704139285,136,1,8591.755346191043,90.77167732927485,0.4071650620891203,1,Premium,High,0,0.03,12705.462981309434,20370.742300611815,High Value,Expansion/Upsell
865,3774.4226190312274,3774.4226190312274,29,29.0,31.95964288803716,31.95964288803716,3,3.0,16,16.0,2025-05-14,2025-05-14,25.575785732822297,135,1,3774.4226190312274,30.42370706227124,0.726225791870277,0,Medium,Medium,1,0.0,5826.869806447401,9631.189762722976,High Value,Expansion/Upsell
866,4224.596880128031,4224.596880128031,29,29.0,106.07852696511799,106.07852696511799,2,2.0,21,21.0,2025-05-15,2025-05-15,72.0471161790708,134,1,4224.596880128031,46.49291335255368,0.11005820043762149,0,Medium,Very High,2,0.99,2837.873344800211,46.90699743471426,Low Value,Natural Churn - Monitor
867,5571.73078144981,5571.73078144981,99,99.0,12.150777348314861,12.150777348314861,3,3.0,20,20.0,2025-05-16,2025-05-16,15.290466408988916,133,1,5571.73078144981,36.09609736351403,0.6098655479010957,1,High,Low,3,0.96,4934.493459568007,326.24750145904204,Medium,Retention Focus - Medium Priority
868,5668.91357997405,5668.91357997405,199,199.0,56.63118891917224,56.63118891917224,2,2.0,26,26.0,2025-05-17,2025-05-17,44.37871335150334,132,1,5668.91357997405,6.903977232685412,0.44330679336974044,0,High,High,3,0.98,5571.730781449809,184.18944732065498,Medium,Retention Focus - Medium Priority
869,6317.088545345661,6317.088545345661,199,199.0,46.793064892154504,46.793064892154504,6,6.0,19,19.0,2025-05-18,2025-05-18,35.6758389352927,131,1,6317.088545345661,2.223556155802366,0.057998654457028564,0,Premium,High,3,0.93,5722.791211016828,662.1411318531862,Medium,Retention Focus - Medium Priority
870,9020.409077532699,9020.409077532699,29,29.0,17.49925976950795,17.49925976950795,7,7.0,22,22.0,2025-05-19,2025-05-19,19.29955586170477,130,1,9020.409077532699,38.870196258487894,0.5448019782759769,1,Premium,Medium,3,0.05,7883.13724131579,12378.479965702478,High Value,Expansion/Upsell
871,4646.105545011901,4646.105545011901,199,199.0,7.343912124034377,7.343912124034377,4,4.0,28,28.0,2025-05-20,2025-05-20,15.606347274420628,129,1,4646.105545011901,21.46501501227778,0.08280427471454577,1,Medium,Low,1,0.01,5349.155625663678,8753.163751086016,High Value,Expansion/Upsell
872,3403.4055109230926,3403.4055109230926,199,199.0,52.72590817927142,52.72590817927142,2,2.0,22,22.0,2025-05-21,2025-05-21,40.43554490756286,128,1,3403.4055109230926,36.34134150895053,0.8277197477910081,1,Low,High,1,1.0,3277.4315973434705,0.0,Low Value,Natural Churn - Monitor
873,2241.3615439709456,2241.3615439709456,199,199.0,67.08468768927355,67.08468768927355,2,2.0,28,28.0,2025-05-22,2025-05-22,51.45081261356413,127,1,2241.3615439709456,19.436198818528066,0.6319574653900288,0,Low,Very High,1,0.64,5143.132474438791,3060.3763484263877,Medium,Retention Focus - Medium Priority
874,3538.139920116162,3538.139920116162,49,49.0,18.96263453300884,18.96263453300884,0,0.0,13,13.0,2025-05-23,2025-05-23,16.577580719805304,126,1,3538.139920116162,11.229221155725135,0.5569675337604484,1,Low,Low,1,0.06,2440.8460665285975,3792.3889298130266,Medium,Engagement Increase
875,4933.746054252406,4933.746054252406,99,99.0,51.75830313402491,51.75830313402491,5,5.0,18,18.0,2025-05-24,2025-05-24,38.254981880414945,125,1,4933.746054252406,10.064933535519414,0.13346900446965904,0,Medium,High,1,0.04,3821.2704861115762,6063.503581267955,High Value,Expansion/Upsell
876,8589.115727035576,8589.115727035576,49,49.0,25.137161029068373,25.137161029068373,2,2.0,21,21.0,2025-05-25,2025-05-25,23.482296617441023,124,1,8589.115727035576,39.33918359244696,0.287457113504083,0,Premium,Medium,3,0.19,3754.600960358808,5026.821120480387,Medium,Engagement Increase
877,3964.777401927657,3964.777401927657,99,99.0,62.44970854163753,62.44970854163753,4,4.0,23,23.0,2025-05-26,2025-05-26,46.669825124982516,123,1,3964.777401927657,9.721257841873589,0.49287589713529933,0,Medium,High,1,1.0,4462.222618890333,0.0,Low Value,Natural Churn - Monitor
878,5447.575903277797,5447.575903277797,29,29.0,11.10815628530355,11.10815628530355,4,4.0,17,17.0,2025-05-27,2025-05-27,13.46489377118213,122,1,5447.575903277797,37.62398864211279,0.633283513639688,1,High,Low,3,1.0,5393.722471738249,0.0,Low Value,Natural Churn - Monitor
879,4967.154207854496,4967.154207854496,199,199.0,110.46156976364958,110.46156976364958,4,4.0,17,17.0,2025-05-28,2025-05-28,73.07694185818974,121,1,4967.154207854496,14.53330762617774,0.18323071874215557,0,Medium,Very High,2,1.0,3287.832348182269,0.0,Low Value,Natural Churn - Monitor
880,7376.786546896168,7376.786546896168,99,99.0,16.942424636730937,16.942424636730937,5,5.0,17,17.0,2025-05-29,2025-05-29,16.965454782038563,120,1,7376.786546896168,44.2076917364479,0.008866278133623395,1,Premium,Medium,3,1.0,3816.857222328342,0.0,Low Value,Natural Churn - Monitor
881,10053.864851747243,10053.864851747243,49,49.0,22.926365759416946,22.926365759416946,3,3.0,18,18.0,2025-05-30,2025-05-30,20.95581945565017,119,1,10053.864851747243,4.622867842727494,0.3447601872692956,0,Premium,Medium,3,1.0,7543.110189988316,0.0,Low Value,Natural Churn - Monitor
882,3938.2624541593586,3938.2624541593586,199,199.0,2.9923811421853044,2.9923811421853044,3,3.0,24,24.0,2025-05-31,2025-05-31,11.395428685311185,118,1,3938.2624541593586,6.8816380791679075,0.4828714545562436,1,Medium,Low,1,0.04,4855.979756839333,7705.356308373155,High Value,Expansion/Upsell
883,4021.1211149635556,4021.1211149635556,29,29.0,5.911718817835568,5.911718817835568,5,5.0,21,21.0,2025-06-01,2025-06-01,11.947031290701341,117,1,4021.1211149635556,34.74242466735526,0.18443350559680305,1,Medium,Low,1,0.07,5924.206948526541,9106.632168809392,High Value,Expansion/Upsell
884,7088.321754138144,7088.321754138144,99,99.0,36.269254399420305,36.269254399420305,4,4.0,22,22.0,2025-06-02,2025-06-02,30.561552639652184,116,1,7088.321754138144,24.645178897559525,0.4921655058552058,0,Premium,High,3,0.88,7007.065795784046,1389.8312322216286,Medium,Retention Focus - Medium Priority
885,6363.782979252623,6363.782979252623,99,99.0,15.57092336128623,15.57092336128623,3,3.0,23,23.0,2025-06-03,2025-06-03,18.54255401677174,115,1,6363.782979252623,6.840098067403715,0.3384858585692687,1,Premium,Medium,3,0.0,5648.332704976882,9336.087115664266,High Value,Expansion/Upsell
886,8693.414651472067,8693.414651472067,99,99.0,90.23622538735032,90.23622538735032,4,4.0,26,26.0,2025-06-04,2025-06-04,64.54173523241019,114,1,8693.414651472067,69.93787513682273,0.4550896661064078,1,Premium,Very High,0,0.04,5742.291746742612,9111.735664252737,High Value,Expansion/Upsell
887,6167.856370651928,6167.856370651928,199,199.0,0.7401202847220854,0.7401202847220854,3,3.0,12,12.0,2025-06-05,2025-06-05,5.244072170833252,113,1,6167.856370651928,9.686602353426913,0.34745775057859396,1,High,Low,3,1.0,3857.6420204344054,0.0,Low Value,Natural Churn - Monitor
888,4281.415818425881,4281.415818425881,49,49.0,23.82878278273536,23.82878278273536,3,3.0,20,20.0,2025-06-06,2025-06-06,22.297269669641217,112,1,4281.415818425881,16.397283658655418,0.6284678497868001,0,Medium,Medium,1,0.88,4924.730595150306,976.8060684595647,Medium,Retention Focus - Medium Priority
889,6181.309661384618,6181.309661384618,49,49.0,20.57508056708215,20.57508056708215,4,4.0,19,19.0,2025-06-07,2025-06-07,19.94504834024929,111,1,6181.309661384618,6.780227281834,0.04289701099357168,1,High,Medium,3,0.99,7107.283593215673,117.47576187133352,Low Value,Natural Churn - Monitor
890,7217.4071611658155,7217.4071611658155,99,99.0,0.9758425834938557,0.9758425834938557,3,3.0,20,20.0,2025-06-08,2025-06-08,8.585505550096313,110,1,7217.4071611658155,14.73204376491361,0.17090528994427356,1,Premium,Low,3,0.99,6583.3253879258655,108.81529566819621,Low Value,Natural Churn - Monitor
891,6640.964362394729,6640.964362394729,29,29.0,6.640491165229435,6.640491165229435,1,1.0,21,21.0,2025-06-09,2025-06-09,12.384294699137662,109,1,6640.964362394729,20.297360978030394,0.4327508691109996,1,Premium,Low,3,1.0,752.2085513803922,0.0,Low Value,Natural Churn - Monitor
892,6014.548062214595,6014.548062214595,29,29.0,26.691295273787276,26.691295273787276,3,3.0,15,15.0,2025-06-10,2025-06-10,22.014777164272363,108,1,6014.548062214595,10.497239085561159,0.3562967155518567,0,High,Medium,3,0.0,6910.284641002474,11421.958084301608,High Value,Expansion/Upsell
893,7133.349379178308,7133.349379178308,49,49.0,33.9488609616996,33.9488609616996,2,2.0,21,21.0,2025-06-11,2025-06-11,28.769316577019758,107,1,7133.349379178308,43.97229487126573,0.39163195595381706,0,Premium,High,3,0.07,3674.7524821083066,5648.793071670619,Medium,Engagement Increase
894,7338.591180891346,7338.591180891346,29,29.0,25.900044161986095,25.900044161986095,2,2.0,18,18.0,2025-06-12,2025-06-12,22.740026497191657,106,1,7338.591180891346,15.022941082044603,0.8037606948804797,1,Premium,Medium,3,0.09,4029.2729043417976,6060.559244547166,High Value,Expansion/Upsell
895,7764.317982075054,7764.317982075054,49,49.0,37.85098187566613,37.85098187566613,4,4.0,15,15.0,2025-06-13,2025-06-13,28.710589125399675,105,1,7764.317982075054,39.22560449409682,0.8863316582473657,1,Premium,Medium,3,0.1,5918.360158456878,8804.17213654742,High Value,Expansion/Upsell
896,6297.419775179285,6297.419775179285,99,99.0,45.20966939817584,45.20966939817584,4,4.0,21,21.0,2025-06-14,2025-06-14,35.525801638905506,104,1,6297.419775179285,6.9606923134194325,0.24866878349757005,0,Premium,High,3,0.0,8257.231091142581,13648.315853128232,High Value,Expansion/Upsell
897,4665.763839366291,4665.763839366291,49,49.0,0.4986695229076359,0.4986695229076359,1,1.0,13,13.0,2025-06-15,2025-06-15,5.499201713744582,103,1,4665.763839366291,14.197972170421785,0.8363910602863055,1,Medium,Low,1,1.0,7298.546652571351,0.0,Low Value,Natural Churn - Monitor
898,5293.427372866646,5293.427372866646,49,49.0,31.189933498330944,31.189933498330944,7,7.0,18,18.0,2025-06-16,2025-06-16,25.913960098998565,102,1,5293.427372866646,0.24272797172740082,0.4587898652903578,0,High,Medium,3,0.89,3940.4795924659215,716.4508349938037,Medium,Retention Focus - Medium Priority
899,7413.017933016714,7413.017933016714,99,99.0,165.52111105048192,165.52111105048192,3,3.0,19,19.0,2025-06-17,2025-06-17,106.91266663028914,101,1,7413.017933016714,42.64367021640818,0.2738206192862208,0,Premium,Very High,2,0.99,2607.58675183866,43.10060746840764,Low Value,Natural Churn - Monitor
900,3366.128658025528,3366.128658025528,29,29.0,36.59775607924128,36.59775607924128,2,2.0,17,17.0,2025-06-18,2025-06-18,28.75865364754477,100,1,3366.128658025528,29.495893123939936,0.9854560710046784,1,Low,High,1,0.09,8159.144291461424,12272.4319094709,High Value,Expansion/Upsell
901,5737.346617745802,5737.346617745802,49,49.0,56.589160661194825,56.589160661194825,6,6.0,16,16.0,2025-06-19,2025-06-19,40.35349639671689,99,1,5737.346617745802,51.08334961726648,0.8248017914341673,1,High,High,3,0.02,5228.455297324078,8469.233374177844,High Value,Expansion/Upsell
902,4213.3223753452785,4213.3223753452785,49,49.0,18.688428984494017,18.688428984494017,0,0.0,17,17.0,2025-06-20,2025-06-20,18.01305739069641,98,1,4213.3223753452785,18.242724747041507,0.994253319086536,1,Medium,Medium,1,0.87,7950.7124338991,1708.4175477799718,Medium,Retention Focus - Medium Priority
903,5057.489645869635,5057.489645869635,99,99.0,74.35910653354988,74.35910653354988,6,6.0,18,18.0,2025-06-21,2025-06-21,51.81546392012993,97,1,5057.489645869635,48.244259132794234,0.16819078442825464,0,High,Very High,0,1.0,2957.534365738576,0.0,Low Value,Natural Churn - Monitor
904,7556.903725214597,7556.903725214597,29,29.0,74.122971324484,74.122971324484,3,3.0,22,22.0,2025-06-22,2025-06-22,53.273782794690405,96,1,7556.903725214597,31.28816556888222,0.14384267394785866,0,Premium,Very High,3,0.11,7533.822298373243,11082.812967854852,High Value,Expansion/Upsell
905,5382.198136039807,5382.198136039807,49,49.0,36.83364631013783,36.83364631013783,3,3.0,21,21.0,2025-06-23,2025-06-23,30.500187786082698,95,1,5382.198136039807,0.10858424813748432,0.5033779529442393,0,High,High,3,0.0,1690.2866562684721,2793.862241766069,Medium,Engagement Increase
906,5092.873096312298,5092.873096312298,99,99.0,186.51387922679223,186.51387922679223,5,5.0,17,17.0,2025-06-24,2025-06-24,118.70832753607533,94,1,5092.873096312298,8.778599118410323,0.6386437600345539,0,High,Very High,2,0.01,4508.513871828112,7377.568153900546,High Value,Expansion/Upsell
907,2280.2877180401615,2280.2877180401615,49,49.0,6.708020364218744,6.708020364218744,5,5.0,19,19.0,2025-06-25,2025-06-25,11.624812218531247,93,1,2280.2877180401615,20.43011741350512,0.17106009253335164,1,Low,Low,1,0.99,5675.2053241504,93.80504668017197,Low Value,Natural Churn - Monitor
908,6492.507132054441,6492.507132054441,199,199.0,0.85464600292336,0.85464600292336,2,2.0,21,21.0,2025-06-26,2025-06-26,8.912787601754017,92,1,6492.507132054441,28.92406907809942,0.8604306680885426,1,Premium,Low,3,0.88,5895.41712003463,1169.3389328994306,Medium,Retention Focus - Medium Priority
909,6290.96836228215,6290.96836228215,99,99.0,73.51820419798914,73.51820419798914,4,4.0,21,21.0,2025-06-27,2025-06-27,52.51092251879348,91,1,6290.96836228215,2.0352267081001187,0.5320134786633633,0,High,Very High,3,0.02,4509.223767994255,7304.197177908048,High Value,Expansion/Upsell
910,9326.50944661092,9326.50944661092,29,29.0,82.29356540329731,82.29356540329731,3,3.0,21,21.0,2025-06-28,2025-06-28,57.776139241978385,90,1,9326.50944661092,36.63152707049719,0.4109418332206475,0,Premium,Very High,3,0.87,5373.218246312712,1154.5758215217397,Medium,Retention Focus - Medium Priority
911,4384.443530093999,4384.443530093999,29,29.0,6.403444343923533,6.403444343923533,6,6.0,14,14.0,2025-06-29,2025-06-29,9.44206660635412,89,1,4384.443530093999,23.527369706280375,0.6020536729270451,1,Medium,Low,1,1.0,5519.445003442963,0.0,Low Value,Natural Churn - Monitor
912,5438.300655327878,5438.300655327878,29,29.0,15.433903217401742,15.433903217401742,1,1.0,17,17.0,2025-06-30,2025-06-30,16.060341930441048,88,1,5438.300655327878,22.38247404642403,0.6349537129722892,1,High,Low,3,0.94,4274.322879120685,423.89978966486166,Medium,Retention Focus - Medium Priority
913,5498.76736742151,5498.76736742151,29,29.0,0.8854116353232501,0.8854116353232501,3,3.0,19,19.0,2025-07-01,2025-07-01,8.13124698119395,87,1,5498.76736742151,10.361266048642138,0.042783280983794136,1,High,Low,3,0.96,2683.270621614917,177.40632209024258,Low Value,Natural Churn - Monitor
914,8154.906559526949,8154.906559526949,49,49.0,17.35806079258283,17.35806079258283,5,5.0,18,18.0,2025-07-02,2025-07-02,17.614836475549698,86,1,8154.906559526949,27.102945475796783,0.9998926667050493,1,Premium,Medium,3,0.0,5534.100531738517,9147.273606179366,High Value,Expansion/Upsell
915,4809.408935226096,4809.408935226096,49,49.0,74.1715226064056,74.1715226064056,3,3.0,22,22.0,2025-07-03,2025-07-03,53.30291356384336,85,1,4809.408935226096,0.8363367625092487,0.3639195768044755,0,Medium,Very High,1,1.0,6830.804235404146,0.0,Low Value,Natural Churn - Monitor
916,5558.043051540679,5558.043051540679,29,29.0,36.4864637786035,36.4864637786035,2,2.0,24,24.0,2025-07-04,2025-07-04,31.4918782671621,84,1,5558.043051540679,2.0066489672554817,0.06154264690989619,0,High,High,3,0.01,4461.186331110888,7300.123087272361,High Value,Expansion/Upsell
917,6215.793019433078,6215.793019433078,29,29.0,21.39286715466708,21.39286715466708,0,0.0,22,22.0,2025-07-05,2025-07-05,21.63572029280025,83,1,6215.793019433078,39.71312086467759,0.8523231747755152,1,High,Medium,3,0.74,4553.074429348295,1956.6931431910025,Medium,Retention Focus - Medium Priority
918,5373.2182463127165,5373.2182463127165,29,29.0,23.24000315796827,23.24000315796827,1,1.0,25,25.0,2025-07-06,2025-07-06,23.94400189478096,82,1,5373.2182463127165,11.653432263989039,0.9930186792123122,1,High,Medium,3,0.88,1832.1943530285548,363.41045018748184,Medium,Retention Focus - Medium Priority
919,4107.132770898944,4107.132770898944,49,49.0,0.06772713471739074,0.06772713471739074,4,4.0,16,16.0,2025-07-07,2025-07-07,6.440636280830435,81,1,4107.132770898944,12.78383192399579,0.8163585092160902,1,Medium,Low,1,0.93,3696.3277843956816,427.67428910363225,Medium,Retention Focus - Medium Priority
920,5388.179985796615,5388.179985796615,29,29.0,17.819501195560353,17.819501195560353,6,6.0,18,18.0,2025-07-08,2025-07-08,17.89170071733621,80,1,5388.179985796615,7.0104111969274285,0.8518824898598457,1,High,Medium,3,0.16,5714.030971930091,7933.530605655001,High Value,Expansion/Upsell
921,7147.263499719544,7147.263499719544,29,29.0,51.98775432802587,51.98775432802587,2,2.0,17,17.0,2025-07-09,2025-07-09,37.99265259681552,79,1,7147.263499719544,17.697184656466668,0.6259351142194509,0,Premium,High,3,0.75,7133.349379178304,2947.665032718307,Medium,Retention Focus - Medium Priority
922,2946.9694011778797,2946.9694011778797,199,199.0,182.858272714259,182.858272714259,4,4.0,27,27.0,2025-07-10,2025-07-10,120.51496362855539,78,1,2946.9694011778797,1.601815435802594,0.9223255782209329,1,Low,Very High,2,0.02,7737.263115064696,12533.087359939505,High Value,Expansion/Upsell
923,5265.939348293752,5265.939348293752,199,199.0,93.88574993123456,93.88574993123456,1,1.0,23,23.0,2025-07-11,2025-07-11,65.53144995874074,77,1,5265.939348293752,10.715819082751098,0.03573855172746754,0,High,Very High,2,0.09,5798.272228704146,8721.368145654169,High Value,Expansion/Upsell
924,3599.7583701216536,3599.7583701216536,29,29.0,1.193889170775825,1.193889170775825,1,1.0,22,22.0,2025-07-12,2025-07-12,9.516333502465496,76,1,3599.7583701216536,22.467657476676514,0.766723862954201,1,Low,Low,1,0.99,3146.139056843832,52.002298460228666,Low Value,Natural Churn - Monitor
925,7390.093257849685,7390.093257849685,99,99.0,114.41468746111295,114.41468746111295,9,9.0,17,17.0,2025-07-13,2025-07-13,75.44881247666777,75,1,7390.093257849685,18.80011176000852,0.6707102283340756,0,Premium,Very High,2,0.9,5372.908629538855,888.0840709981575,Medium,Retention Focus - Medium Priority
926,1953.6261904324506,1953.6261904324506,29,29.0,76.43863453550762,76.43863453550762,2,2.0,20,20.0,2025-07-14,2025-07-14,53.863180721304566,74,1,1953.6261904324506,240.4601112747672,0.049584970524002236,1,Low,Very High,0,0.02,4158.031038359478,6735.323004284773,High Value,Expansion/Upsell
927,3882.1563054568232,3882.1563054568232,199,199.0,75.79194241744997,75.79194241744997,2,2.0,17,17.0,2025-07-15,2025-07-15,52.275165450469984,73,1,3882.1563054568232,14.768196276713077,0.5439735789764794,0,Medium,Very High,1,0.1,9541.385715608783,14193.796932310586,High Value,Expansion/Upsell
928,5754.423750129042,5754.423750129042,99,99.0,30.6240726428223,30.6240726428223,3,3.0,12,12.0,2025-07-16,2025-07-16,23.17444358569338,72,1,5754.423750129042,14.6816642516566,0.5150603457578695,0,High,Medium,3,0.94,6339.345097660078,628.6953815861239,Medium,Retention Focus - Medium Priority
929,8131.048058468681,8131.048058468681,99,99.0,25.375331299759786,25.375331299759786,4,4.0,16,16.0,2025-07-17,2025-07-17,21.62519877985587,71,1,8131.048058468681,21.010095505383923,0.6915342250769767,0,Premium,Medium,3,0.99,5668.913579974044,93.70105090866195,Low Value,Natural Churn - Monitor
930,4868.499477854024,4868.499477854024,29,29.0,18.04244849911565,18.04244849911565,2,2.0,17,17.0,2025-07-18,2025-07-18,17.62546909946939,70,1,4868.499477854024,6.332859346834824,0.07753141160917254,1,Medium,Medium,1,0.0,6876.567611951995,11366.22745777189,High Value,Expansion/Upsell
931,3889.600946613603,3889.600946613603,199,199.0,3.3976095317135435,3.3976095317135435,1,1.0,20,20.0,2025-07-19,2025-07-19,10.038565719028126,69,1,3889.600946613603,62.69795267261167,0.805278785328412,1,Medium,Low,0,0.99,5754.600986089696,95.11737167090413,Low Value,Natural Churn - Monitor
932,8762.31413888118,8762.31413888118,199,199.0,12.953782521651375,12.953782521651375,2,2.0,20,20.0,2025-07-20,2025-07-20,15.772269512990825,68,1,8762.31413888118,25.47773862400528,0.13940344201150467,1,Premium,Low,3,0.03,3938.0060899963664,6313.827945944586,High Value,Expansion/Upsell
933,2103.972199167512,2103.972199167512,99,99.0,14.158190425046666,14.158190425046666,1,1.0,21,21.0,2025-07-21,2025-07-21,16.894914255028,67,1,2103.972199167512,6.399793384984805,0.41866461346187267,1,Low,Medium,1,0.0,2504.4336360703055,4139.559729041826,Medium,Engagement Increase
934,602.3880867598364,602.3880867598364,29,29.0,33.089894227968344,33.089894227968344,0,0.0,18,18.0,2025-07-22,2025-07-22,27.053936536781006,66,1,602.3880867598364,47.31516168232685,0.881288007501636,1,Low,Medium,1,1.0,4437.799414228091,0.0,Low Value,Natural Churn - Monitor
935,5880.028900106665,5880.028900106665,49,49.0,68.80619413033578,68.80619413033578,3,3.0,18,18.0,2025-07-23,2025-07-23,48.48371647820147,65,1,5880.028900106665,1.0480609911178584,0.5605316054954964,0,High,High,3,0.1,3191.3667497911847,4747.487726962093,Medium,Engagement Increase
936,3995.891551294778,3995.891551294778,49,49.0,32.104629430782744,32.104629430782744,2,2.0,19,19.0,2025-07-24,2025-07-24,26.862777658469646,64,1,3995.891551294778,121.47689246306108,0.3795909137547343,1,Medium,Medium,0,1.0,6862.560238232397,0.0,Low Value,Natural Churn - Monitor
937,2957.534365738574,2957.534365738574,199,199.0,2.979244503124204,2.979244503124204,6,6.0,23,23.0,2025-07-25,2025-07-25,10.987546701874523,63,1,2957.534365738574,60.107618889236136,0.048202242045836785,1,Low,Low,0,0.12,6582.063894086094,9573.91111867068,High Value,Expansion/Upsell
938,6416.712894598707,6416.712894598707,49,49.0,158.25467021983783,158.25467021983783,2,2.0,14,14.0,2025-07-26,2025-07-26,100.5528021319027,62,1,6416.712894598707,25.999274902446356,0.6722735172017217,0,Premium,Very High,2,1.0,6517.938440986531,0.0,Low Value,Natural Churn - Monitor
939,5487.601427542398,5487.601427542398,199,199.0,142.99395811760218,142.99395811760218,2,2.0,19,19.0,2025-07-27,2025-07-27,93.3963748705613,61,1,5487.601427542398,3.5397203344267227,0.986546765306784,1,High,Very High,2,0.37,5221.845179419732,5437.623905842034,Medium,Engagement Increase
940,3871.842738526543,3871.842738526543,199,199.0,76.89996178639589,76.89996178639589,2,2.0,19,19.0,2025-07-28,2025-07-28,53.73997707183754,60,1,3871.842738526543,7.272573104496687,0.9117963987583829,1,Medium,Very High,1,0.13,4928.347921780097,7087.045771816006,High Value,Expansion/Upsell
941,2439.391202658211,2439.391202658211,199,199.0,237.38222416799718,237.38222416799718,6,6.0,30,30.0,2025-07-29,2025-07-29,154.4293345007983,59,1,2439.391202658211,9.831596665334482,0.717296077573428,0,Low,Very High,2,0.04,2042.9560192651466,3241.715336354612,Medium,Engagement Increase
942,6744.91465656029,6744.91465656029,49,49.0,39.31603883231449,39.31603883231449,1,1.0,25,25.0,2025-07-30,2025-07-30,33.58962329938869,58,1,6744.91465656029,8.273859536417204,0.10529285825594503,0,Premium,High,3,0.13,3693.3415348525737,5311.086174085518,Medium,Engagement Increase
943,6300.402355917322,6300.402355917322,199,199.0,164.529803989145,164.529803989145,4,4.0,9,9.0,2025-07-31,2025-07-31,102.31788239348698,57,1,6300.402355917322,20.64598384919151,0.23944009340039418,0,Premium,Very High,2,0.03,1579.6632146867537,2532.683170654795,Medium,Engagement Increase
944,4801.648272441234,4801.648272441234,99,99.0,3.9307926724584914,3.9307926724584914,4,4.0,26,26.0,2025-08-01,2025-08-01,12.758475603475095,56,1,4801.648272441234,86.77381808469447,0.18684901945328702,1,Medium,Low,0,0.0,6324.261349042093,10453.324543871226,High Value,Expansion/Upsell
945,8693.273992095332,8693.273992095332,29,29.0,22.760144982313843,22.760144982313843,2,2.0,16,16.0,2025-08-02,2025-08-02,20.056086989388305,55,1,8693.273992095332,17.618923115267403,0.3554616402556453,0,Premium,Medium,3,0.91,7338.591180891344,1091.6912500499516,Medium,Retention Focus - Medium Priority
946,2859.830467347695,2859.830467347695,29,29.0,12.769216469929553,12.769216469929553,3,3.0,24,24.0,2025-08-03,2025-08-03,17.261529881957735,54,1,2859.830467347695,32.50265858255549,0.2355172277915355,1,Low,Medium,1,1.0,4809.408935226096,0.0,Low Value,Natural Churn - Monitor
947,1948.9496581505223,1948.9496581505223,199,199.0,10.89742122761541,10.89742122761541,0,0.0,20,20.0,2025-08-04,2025-08-04,14.538452736569246,53,1,1948.9496581505223,34.998692709978116,0.2444394459716932,1,Low,Low,1,1.0,4626.256711677282,0.0,Low Value,Natural Churn - Monitor
948,3616.183860237511,3616.183860237511,29,29.0,7.5878493685542505,7.5878493685542505,3,3.0,16,16.0,2025-08-05,2025-08-05,10.95270962113255,52,1,3616.183860237511,61.57364352455713,0.6167299353754057,1,Low,Low,0,0.12,2599.4071858884517,3780.9559067468385,Medium,Engagement Increase
949,4908.827967289004,4908.827967289004,49,49.0,48.697798619599055,48.697798619599055,4,4.0,26,26.0,2025-08-06,2025-08-06,39.61867917175943,51,1,4908.827967289004,1.0321937809955575,0.3187026559613835,0,Medium,High,1,1.0,9597.7962472385,0.0,Low Value,Natural Churn - Monitor
950,5486.678898645384,5486.678898645384,49,49.0,76.00771455615799,76.00771455615799,2,2.0,19,19.0,2025-08-07,2025-08-07,53.2046287336948,50,1,5486.678898645384,15.54205668501475,0.6771628764724731,0,High,Very High,3,1.0,6190.314050873823,0.0,Low Value,Natural Churn - Monitor
951,4517.52788428734,4517.52788428734,29,29.0,43.172866134791335,43.172866134791335,4,4.0,18,18.0,2025-08-08,2025-08-08,33.1037196808748,49,1,4517.52788428734,46.07657945013185,0.9478896591461805,1,Medium,High,1,0.06,1993.7140937637892,3097.671484525556,Medium,Engagement Increase
952,5704.110793028593,5704.110793028593,49,49.0,7.947600783391258,7.947600783391258,0,0.0,24,24.0,2025-08-09,2025-08-09,14.368560470034756,48,1,5704.110793028593,50.60042622358506,0.638477916613239,1,High,Low,3,0.04,2617.393005594703,4153.2186535056435,Medium,Engagement Increase
953,2496.9211516191117,2496.9211516191117,29,29.0,83.33316729073272,83.33316729073272,2,2.0,23,23.0,2025-08-10,2025-08-10,59.19990037443963,47,1,2496.9211516191117,78.65587865950627,0.7516566772103712,1,Low,Very High,0,0.82,152.24134674208472,45.294946138140915,Low Value,Natural Churn - Monitor
954,7887.5292081465195,7887.5292081465195,29,29.0,50.52384941086985,50.52384941086985,4,4.0,18,18.0,2025-08-11,2025-08-11,37.51430964652191,46,1,7887.5292081465195,36.39992965759346,0.7515804152828379,0,Premium,High,3,1.0,1482.5210271537726,0.0,Low Value,Natural Churn - Monitor
955,4835.697643214862,4835.697643214862,29,29.0,24.564689738889044,24.564689738889044,4,4.0,18,18.0,2025-08-12,2025-08-12,21.938813843333424,45,1,4835.697643214862,8.437243579483953,0.330702788399311,0,Medium,Medium,1,0.03,6744.914656560284,10814.160689030536,High Value,Expansion/Upsell
956,7234.591663176256,7234.591663176256,199,199.0,56.0628828533534,56.0628828533534,2,2.0,18,18.0,2025-08-13,2025-08-13,40.83772971201204,44,1,7234.591663176256,21.136300715249202,0.014957994593435497,0,Premium,High,3,0.0,3600.548984014832,5951.320634735259,High Value,Expansion/Upsell
957,5685.450692755408,5685.450692755408,29,29.0,15.048834729935855,15.048834729935855,3,3.0,16,16.0,2025-08-14,2025-08-14,15.429300837961513,43,1,5685.450692755408,0.9863987320364236,0.05504796299421444,1,High,Low,3,0.07,4595.614695132213,7064.333333013152,High Value,Expansion/Upsell
958,5913.506438307568,5913.506438307568,199,199.0,21.170676724698144,21.170676724698144,4,4.0,19,19.0,2025-08-15,2025-08-15,20.302406034818887,42,1,5913.506438307568,31.232527287864464,0.28206025088455844,0,High,Medium,3,1.0,2497.7728472293948,0.0,Low Value,Natural Churn - Monitor
959,6139.534560464408,6139.534560464408,29,29.0,124.73927009813524,124.73927009813524,4,4.0,20,20.0,2025-08-16,2025-08-16,82.84356205888113,41,1,6139.534560464408,24.242953659994466,0.689543183657598,0,High,Very High,2,0.99,4041.651524309419,66.80415742660202,Low Value,Natural Churn - Monitor
960,5895.41712003463,5895.41712003463,29,29.0,17.1600566445232,17.1600566445232,3,3.0,20,20.0,2025-08-17,2025-08-17,18.29603398671392,40,1,5895.41712003463,32.97363781368472,0.9066831386482925,1,High,Medium,3,1.0,6363.78297925262,0.0,Low Value,Natural Churn - Monitor
961,6285.445519735088,6285.445519735088,29,29.0,31.74280685649471,31.74280685649471,3,3.0,17,17.0,2025-08-18,2025-08-18,25.845684113896827,39,1,6285.445519735088,79.83809883043992,0.9587982621907463,1,High,Medium,0,0.1,3979.9672022905065,5920.612367043728,High Value,Expansion/Upsell
962,7658.305060264863,7658.305060264863,49,49.0,110.42794021308752,110.42794021308752,3,3.0,29,29.0,2025-08-19,2025-08-19,77.8567641278525,38,1,7658.305060264863,34.873086680677844,0.02584866384007345,0,Premium,Very High,2,1.0,8541.601271271013,0.0,Low Value,Natural Churn - Monitor
963,5393.04233940294,5393.04233940294,199,199.0,61.50238259218661,61.50238259218661,2,2.0,21,21.0,2025-08-20,2025-08-20,45.30142955531196,37,1,5393.04233940294,11.589730863687778,0.9900872456327712,1,High,High,3,1.0,6392.412729626834,0.0,Low Value,Natural Churn - Monitor
964,6418.007515177024,6418.007515177024,199,199.0,3.2111006237036372,3.2111006237036372,3,3.0,18,18.0,2025-08-21,2025-08-21,9.126660374222183,36,1,6418.007515177024,6.6469688018987725,0.32249721835669376,1,Premium,Low,3,0.01,8697.912189890685,14232.947219821119,High Value,Expansion/Upsell
965,4820.528611425547,4820.528611425547,29,29.0,7.967553170232788,7.967553170232788,4,4.0,14,14.0,2025-08-22,2025-08-22,10.380531902139673,35,1,4820.528611425547,57.85547280453419,0.8429562282351153,1,Medium,Low,0,0.09,4224.596880128031,6354.352332093402,High Value,Expansion/Upsell
966,7880.234430898945,7880.234430898945,29,29.0,0.39362488619868075,0.39362488619868075,5,5.0,16,16.0,2025-08-23,2025-08-23,6.636174931719209,34,1,7880.234430898945,6.482511295087875,0.18029546069678037,1,Premium,Low,3,0.83,-301.9396167860168,0.0,Low Value,Natural Churn - Monitor
967,3647.2153958814606,3647.2153958814606,49,49.0,49.837335340074574,49.837335340074574,5,5.0,29,29.0,2025-08-24,2025-08-24,41.502401204044745,33,1,3647.2153958814606,5.288141781524623,0.06289825760685919,0,Low,High,1,1.0,6625.7242376779195,0.0,Low Value,Natural Churn - Monitor
968,8601.880865821631,8601.880865821631,49,49.0,29.680789350511688,29.680789350511688,1,1.0,20,20.0,2025-08-25,2025-08-25,25.80847361030701,32,1,8601.880865821631,6.943289924622752,0.3783554240626875,0,Premium,Medium,3,1.0,5888.52662297208,0.0,Low Value,Natural Churn - Monitor
969,4919.684098711313,4919.684098711313,49,49.0,7.209390029505175,7.209390029505175,5,5.0,18,18.0,2025-08-26,2025-08-26,11.525634017703105,31,1,4919.684098711313,21.32961196445966,0.858925388530693,1,Medium,Low,3,0.15,7610.957614308658,10693.080945722906,High Value,Expansion/Upsell
970,2138.4497957639037,2138.4497957639037,199,199.0,158.42591716576112,158.42591716576112,4,4.0,26,26.0,2025-08-27,2025-08-27,105.45555029945668,30,1,2138.4497957639037,3.978095614540397,0.22082491587781605,0,Low,Very High,2,1.0,4564.637593545561,0.0,Low Value,Natural Churn - Monitor
971,5256.208829821579,5256.208829821579,199,199.0,37.714942731423136,37.714942731423136,2,2.0,19,19.0,2025-08-28,2025-08-28,30.228965638853882,29,1,5256.208829821579,83.47593826697708,0.15395732575184218,1,High,High,0,0.99,8065.477826005152,133.31368307446542,Low Value,Natural Churn - Monitor
972,3637.8966850502384,3637.8966850502384,199,199.0,13.846556515460238,13.846556515460238,2,2.0,16,16.0,2025-08-29,2025-08-29,14.707933909276143,28,1,3637.8966850502384,101.66654135543138,0.9098043289501905,1,Low,Low,0,0.93,7239.149822869153,837.5875828113062,Medium,Retention Focus - Medium Priority
973,6681.287097977448,6681.287097977448,29,29.0,34.71775260262578,34.71775260262578,1,1.0,20,20.0,2025-08-30,2025-08-30,28.83065156157547,27,1,6681.287097977448,109.2619982012795,0.938337202621459,1,Premium,High,0,0.03,1162.45756940192,1863.774945983243,Medium,Engagement Increase
974,3694.752041395218,3694.752041395218,199,199.0,56.91242631366281,56.91242631366281,3,3.0,24,24.0,2025-08-31,2025-08-31,43.74745578819769,26,1,3694.752041395218,1.1973224455563645,0.012548199188908926,0,Low,High,1,0.0,5053.771677989062,8353.341616510845,High Value,Expansion/Upsell
975,4107.633133570441,4107.633133570441,99,99.0,3.9651067385025405,3.9651067385025405,5,5.0,22,22.0,2025-09-01,2025-09-01,11.179064043101524,25,1,4107.633133570441,87.6730750999105,0.7274357374154816,1,Medium,Low,0,0.02,3706.8542315149507,6004.491151875457,High Value,Expansion/Upsell
976,1220.9185381089378,1220.9185381089378,99,99.0,16.058758829254643,16.058758829254643,1,1.0,20,20.0,2025-09-02,2025-09-02,17.635255297552785,24,1,1220.9185381089378,178.74011113804195,0.30920773652932665,1,Low,Medium,0,0.01,5803.423444197888,9496.511090505634,High Value,Expansion/Upsell
977,4095.3873615018465,4095.3873615018465,49,49.0,82.2443151175426,82.2443151175426,2,2.0,19,19.0,2025-09-03,2025-09-03,56.94658907052556,23,1,4095.3873615018465,85.6421462881325,0.3747043699671896,1,Medium,Very High,0,0.05,1961.2600680919777,3079.664569731204,Medium,Engagement Increase
978,152.24134674208653,152.24134674208653,199,199.0,30.77828607786736,30.77828607786736,3,3.0,31,31.0,2025-09-04,2025-09-04,30.866971646720415,22,1,152.24134674208653,33.34535546059158,0.4691029749514899,0,Low,High,1,1.0,6549.268106858671,0.0,Low Value,Natural Churn - Monitor
979,1832.1943530285535,1832.1943530285535,99,99.0,39.546506380290175,39.546506380290175,3,3.0,23,23.0,2025-09-05,2025-09-05,32.9279038281741,21,1,1832.1943530285535,36.2424522747131,0.4267909701745195,0,Low,High,1,0.04,5192.24155388197,8238.928746655685,High Value,Expansion/Upsell
980,6520.829312288595,6520.829312288595,49,49.0,28.353575840115564,28.353575840115564,3,3.0,18,18.0,2025-09-06,2025-09-06,24.212145504069337,20,1,6520.829312288595,3.911904398043328,0.5149737849821052,0,Premium,Medium,3,0.94,8504.540886847244,843.425542497248,Medium,Retention Focus - Medium Priority
981,6571.600317301664,6571.600317301664,199,199.0,2.2446354450078516,2.2446354450078516,3,3.0,19,19.0,2025-09-07,2025-09-07,8.946781267004711,19,1,6571.600317301664,62.21501731421425,0.5823617157400163,1,Premium,Low,0,0.94,8046.248154539306,797.9750235906756,Medium,Retention Focus - Medium Priority
982,5850.915123569929,5850.915123569929,29,29.0,9.061094871259682,9.061094871259682,5,5.0,21,21.0,2025-09-08,2025-09-08,13.83665692275581,18,1,5850.915123569929,1.8447616979188535,0.4655955048379242,1,High,Low,3,0.03,7492.1703849952555,12012.24012139735,High Value,Expansion/Upsell
983,3066.0477137415737,3066.0477137415737,99,99.0,29.488178371113804,29.488178371113804,4,4.0,14,14.0,2025-09-09,2025-09-09,23.292907022668285,17,1,3066.0477137415737,11.469918186939758,0.7015635404895175,0,Low,Medium,1,0.03,5366.6840114767,8604.435522532889,High Value,Expansion/Upsell
984,4904.577287716041,4904.577287716041,29,29.0,11.7345904124512,11.7345904124512,3,3.0,15,15.0,2025-09-10,2025-09-10,13.04075424747072,16,1,4904.577287716041,141.82571189078848,0.718601662842142,1,Medium,Low,0,0.03,1744.9151242336793,2797.632513234163,Medium,Engagement Increase
985,4992.794921818863,4992.794921818863,199,199.0,2.5635609768063423,2.5635609768063423,5,5.0,28,28.0,2025-09-11,2025-09-11,12.738136586083806,15,1,4992.794921818863,16.46246508448294,0.4403591974261951,1,Medium,Low,3,1.0,5984.902528016299,0.0,Low Value,Natural Churn - Monitor
986,2683.2706216149145,2683.2706216149145,99,99.0,92.78280231937154,92.78280231937154,4,4.0,22,22.0,2025-09-12,2025-09-12,64.46968139162293,14,1,2683.2706216149145,4.217758328745543,0.14246314808710858,0,Low,Very High,1,1.0,4355.87696758865,0.0,Low Value,Natural Churn - Monitor
987,8006.7966035343015,8006.7966035343015,199,199.0,198.675055159762,198.675055159762,1,1.0,27,27.0,2025-09-13,2025-09-13,130.0050330958572,13,1,8006.7966035343015,104.49956294641883,0.6406389213201227,1,Premium,Very High,2,0.02,2994.94127072438,4851.309826958499,Medium,Engagement Increase
988,6754.724581151343,6754.724581151343,29,29.0,78.78634682838712,78.78634682838712,3,3.0,24,24.0,2025-09-14,2025-09-14,56.87180809703227,12,1,6754.724581151343,124.31798425210948,0.772956712350709,1,Premium,Very High,0,1.0,4197.559056228329,0.0,Low Value,Natural Churn - Monitor
989,4558.071652340672,4558.071652340672,99,99.0,96.1338301134739,96.1338301134739,3,3.0,25,25.0,2025-09-15,2025-09-15,67.68029806808434,11,1,4558.071652340672,6.212300225439868,0.6381095212039497,0,Medium,Very High,2,0.05,6300.402355917327,9893.193782018941,High Value,Expansion/Upsell
990,5053.771677989062,5053.771677989062,29,29.0,13.852086135460567,13.852086135460567,1,1.0,17,17.0,2025-09-16,2025-09-16,15.111251681276341,10,1,5053.771677989062,60.030848607755914,0.5880547658468156,1,High,Low,0,0.97,2186.677806303561,108.43030444480476,Low Value,Natural Churn - Monitor
991,5416.765615895105,5416.765615895105,199,199.0,161.7337177429394,161.7337177429394,5,5.0,17,17.0,2025-09-17,2025-09-17,103.84023064576364,9,1,5416.765615895105,14.849716202867231,0.22941199123460632,0,High,Very High,2,0.62,4908.827967289002,3083.2307893716043,Medium,Retention Focus - Medium Priority
992,916.5302631514187,916.5302631514187,199,199.0,10.965402342068911,10.965402342068911,3,3.0,7,7.0,2025-09-18,2025-09-18,9.379241405241347,8,1,916.5302631514187,14.407363235577574,0.6451370408192583,1,Low,Low,1,0.92,4436.430782278989,586.6354753426758,Medium,Retention Focus - Medium Priority
993,4505.645234958806,4505.645234958806,29,29.0,151.2372659101026,151.2372659101026,2,2.0,17,17.0,2025-09-19,2025-09-19,97.54235954606155,7,1,4505.645234958806,9.142716064002773,0.33485621457621195,0,Medium,Very High,2,1.0,5027.85858382589,0.0,Low Value,Natural Churn - Monitor
994,3636.031504004403,3636.031504004403,99,99.0,263.1406965994648,263.1406965994648,3,3.0,16,16.0,2025-09-20,2025-09-20,164.28441795967888,6,1,3636.031504004403,1.3722182124481839,0.919558862813285,1,Low,Very High,2,0.95,2714.05940433876,224.3024301106415,Medium,Retention Focus - Medium Priority
995,2996.759980210169,2996.759980210169,29,29.0,62.1916390842341,62.1916390842341,3,3.0,21,21.0,2025-09-21,2025-09-21,45.71498345054046,5,1,2996.759980210169,9.359611136704741,0.6537200927599808,0,Low,High,1,0.99,6302.782502611595,104.17822318366281,Low Value,Natural Churn - Monitor
996,4437.79941422809,4437.79941422809,199,199.0,198.54549447132231,198.54549447132231,3,3.0,19,19.0,2025-09-22,2025-09-22,126.72729668279338,4,1,4437.79941422809,1.6583072482797738,0.2781796767083027,0,Medium,Very High,2,0.02,5240.591263423799,8488.891633314583,High Value,Expansion/Upsell
997,8595.373053699044,8595.373053699044,29,29.0,42.14501812797031,42.14501812797031,1,1.0,14,14.0,2025-09-23,2025-09-23,30.88701087678219,3,1,8595.373053699044,77.45787920989903,0.4729269093639301,1,Premium,High,0,0.94,5151.609116387453,510.9033834433841,Medium,Retention Focus - Medium Priority
998,6281.68572253402,6281.68572253402,199,199.0,15.024303624615975,15.024303624615975,5,5.0,23,23.0,2025-09-24,2025-09-24,18.214582174769586,2,1,6281.68572253402,32.51649935253271,0.8465812758850444,1,High,Medium,3,0.94,6030.095372612095,598.0259873664893,Medium,Retention Focus - Medium Priority
999,3857.6420204344067,3857.6420204344067,29,29.0,28.72341714964048,28.72341714964048,1,1.0,23,23.0,2025-09-25,2025-09-25,26.434050289784288,1,1,3857.6420204344067,65.31100929697732,0.3354639511826475,1,Medium,Medium,0,0.93,2749.021905403255,318.0686502119466,Medium,Retention Focus - Medium Priority
1000,6145.165562712317,6145.165562712317,99,99.0,45.01606318808089,45.01606318808089,4,4.0,30,30.0,2025-09-26,2025-09-26,39.00963791284853,0,1,6145.165562712317,37.90008156651973,0.5254405701523811,0,High,High,3,1.0,5183.521553071006,0.0,Low Value,Natural Churn - Monitor
